{"stats":{"minecraft:picked_up":{"minecraft:crafting_table":1,"minecraft:chicken":5,"minecraft:anvil":1,"minecraft:turtle_helmet":1,"artifacts:umbrella":1,"ars_nouveau:blue_archwood_sapling":9,"minecraft:cooked_rabbit":1,"minecraft:gold_block":2,"minecraft:stone_brick_stairs":4,"minecraft:polished_deepslate_wall":1,"ars_nouveau:archwood_planks":100,"iceandfire:manuscript":5,"paraglider:goddess_statue":3,"minecraft:string":7,"minecraft:stone_stairs":1,"minecraft:moss_carpet":11,"minecraft:cooked_salmon":1,"minecraft:iron_leggings":1,"minecraft:item_frame":4,"minecraft:beetroot":3,"minecraft:cracked_stone_bricks":5,"minecraft:gold_nugget":1,"minecraft:beef":10,"minecraft:calcite":2,"minecraft:iron_nugget":11,"minecraft:iron_pickaxe":1,"minecraft:furnace":1,"minecraft:egg":3,"iceandfire:dragonbone":3,"minecraft:stick":6,"apotheosis:gem":4,"minecraft:stripped_mangrove_wood":2,"farmersdelight:minced_beef":17,"minecraft:torch":5,"ars_nouveau:blue_archwood_log":50,"minecraft:porkchop":6,"minecraft:lightning_rod":1,"tombstone:grave_dust":2,"minecraft:carrot":6,"minecraft:golden_chestplate":1,"enigmaticlegacy:angel_blessing":1,"minecraft:tnt":1,"minecraft:stone_sword":2,"minecraft:arrow":73,"minecraft:rotten_flesh":19,"friendsandfoes:waxed_lightning_rod":1,"minecraft:carved_pumpkin":1,"minecraft:gold_ingot":13,"minecraft:mutton":6,"minecraft:skeleton_skull":2,"minecraft:cobblestone":44,"born_in_chaos_v1:corpse_maggot":2,"minecraft:mossy_cobblestone_slab":1,"magistuarmory:rustedhalfarmor_chestplate":1,"magistuarmory:rustedchainmail_boots":1,"ars_nouveau:archwood_door":2,"minecraft:leather":3,"paraglider:spirit_orb":6,"minecraft:waxed_copper_block":1,"minecraft:oak_log":3,"minecraft:chainmail_chestplate":1,"iceandfire:ectoplasm":5,"legendary_additions:glowing_bulb":1,"minecraft:cobblestone_stairs":1,"farmersdelight:flint_knife":1,"farmersdelight:mutton_chops":11,"minecraft:bone":147,"minecraft:stone_bricks":16,"minecraft:dark_oak_sign":4,"minecraft:mossy_stone_bricks":1,"minecraft:cyan_candle":6,"minecraft:moss_block":1,"minecraft:iron_sword":1,"minecraft:book":6,"iceandfire:copper_nugget":9,"valhelsia_structures:green_metal_framed_glass_pane":1,"enigmaticlegacy:iron_ring":1,"minecraft:dripstone_block":4,"minecraft:gravel":2,"minecraft:jungle_planks":1,"minecraft:mud_brick_wall":2,"minecraft:cyan_bed":2,"magistuarmory:rustedchainmail_leggings":1,"farmersdelight:ham":3,"minecraft:jungle_slab":1,"minecraft:mossy_cobblestone":3,"minecraft:dark_prismarine":6,"minecraft:bundle":1,"minecraft:slime_ball":12,"minecraft:diamond":1,"minecraft:stone_axe":1,"magistuarmory:rusted_bastardsword":1,"minecraft:iron_helmet":1,"minecraft:bread":31,"tombstone:magic_scroll":4,"valhelsia_structures:unlit_lantern":1},"minecraft:mined":{"valhelsia_structures:hanging_vines":2,"minecraft:mossy_cobblestone":2,"minecraft:cobblestone_stairs":1,"minecraft:spruce_trapdoor":4,"valhelsia_structures:lime_glazed_jar":1,"minecraft:moss_block":1,"minecraft:spawner":3,"minecraft:furnace":1,"valhelsia_structures:big_white_glazed_jar":1,"valhelsia_structures:bone_pile_block":12,"treechop:chopped_log":1,"minecraft:anvil":1,"minecraft:bookshelf":1,"minecraft:stone":10,"valhelsia_structures:big_gray_glazed_jar":1,"valhelsia_structures:glazed_jar":1,"valhelsia_structures:unlit_lantern":1,"minecraft:spruce_door":1,"minecraft:crafting_table":1,"valhelsia_structures:yellow_glazed_jar":1,"minecraft:calcite":2,"valhelsia_structures:black_glazed_jar":1,"iceandfire:ghost_chest":1,"minecraft:cobblestone":7,"minecraft:cyan_bed":2,"minecraft:skeleton_skull":1,"minecraft:seagrass":1,"minecraft:stone_stairs":1,"valhelsia_structures:bone_pile":2,"valhelsia_structures:hanging_vines_body":1,"minecraft:stone_brick_stairs":5,"minecraft:grass":5,"minecraft:oak_log":3,"minecraft:gravel":1,"luminousworld:grassvariant_3":1,"minecraft:cobweb":2,"minecraft:cracked_stone_bricks":5,"minecraft:stone_bricks":11,"minecraft:cyan_candle":1,"paraglider:goddess_statue":1},"minecraft:custom":{"enigmaticlegacy:play_time_with_seven_curses":124919,"minecraft:mob_kills":15,"minecraft:interact_with_crafting_table":33,"minecraft:open_barrel":21,"minecraft:damage_dealt_resisted":56,"minecraft:eat_cake_slice":14,"minecraft:leave_game":1,"minecraft:time_since_death":13550,"minecraft:climb_one_cm":14479,"minecraft:damage_resisted":0,"minecraft:sprint_one_cm":209922,"minecraft:walk_one_cm":306414,"minecraft:drop":89,"minecraft:talked_to_villager":3,"minecraft:play_time":132478,"minecraft:sneak_time":425,"minecraft:deaths":11,"minecraft:walk_under_water_one_cm":29308,"minecraft:jump":1323,"minecraft:walk_on_water_one_cm":39221,"minecraft:total_world_time":132478,"minecraft:interact_with_furnace":5,"enigmaticlegacy:play_time_without_seven_curses":7294,"minecraft:interact_with_loom":1,"minecraft:interact_with_stonecutter":1,"minecraft:sleep_in_bed":1,"minecraft:time_since_rest":13391,"minecraft:damage_taken":9939,"minecraft:trigger_trapped_chest":6,"minecraft:damage_dealt":2362,"minecraft:swim_one_cm":21289,"minecraft:fly_one_cm":185800,"minecraft:open_chest":117,"minecraft:crouch_one_cm":527,"tombstone:undead_killed":7,"minecraft:interact_with_smoker":11,"minecraft:fall_one_cm":102513,"minecraft:horse_one_cm":455716},"minecraft:broken":{"magistuarmory:rustedchainmail_boots":1,"minecraft:iron_pickaxe":1,"magistuarmory:rustedchainmail_leggings":1},"minecraft:killed":{"born_in_chaos_v1:maggot":2,"minecraft:skeleton":1,"minecraft:bee":1,"minecraft:drowned":2,"minecraft:zombie":4,"minecraft:cow":2},"minecraft:dropped":{"minecraft:bread":31,"minecraft:iron_sword":1,"minecraft:porkchop":3,"minecraft:crafting_table":5,"minecraft:dripstone_block":2,"relics:ice_breaker":1,"relics:infinity_ham":1,"irons_spellbooks:electromancer_helmet":1,"minecraft:golden_apple":1,"ars_nouveau:blue_archwood_sapling":9,"relics:roller_skates":1,"minecraft:torch":4,"tombstone:magic_scroll":3,"irons_spellbooks:pumpkin_helmet":2,"iceandfire:copper_nugget":9,"magistuarmory:rusted_bastardsword":1,"tombstone:grave_dust":2,"minecraft:cyan_candle":6,"minecraft:iron_pickaxe":1,"minecraft:string":3,"valhelsia_structures:unlit_lantern":1,"minecraft:polished_deepslate_wall":1,"minecraft:bone":1,"minecraft:stone_sword":6,"minecraft:bowl":1,"ars_nouveau:archwood_planks":64,"minecraft:rotten_flesh":13,"sophisticatedbackpacks:backpack":1,"enigmaticlegacy:iron_ring":1,"minecraft:turtle_helmet":2,"artifacts:umbrella":2,"minecraft:skeleton_skull":1,"apotheosis:gem":2,"minecraft:stone_bricks":2,"minecraft:dark_prismarine":6,"enigmaticlegacy:angel_blessing":1,"cataclysm:coral_spear":1,"iceandfire:manuscript":5,"minecraft:egg":3},"minecraft:used":{"minecraft:moss_carpet":8,"minecraft:trident":4,"minecraft:stone_sword":24,"minecraft:chest":1,"minecraft:iron_sword":4,"minecraft:cooked_salmon":1,"minecraft:iron_chestplate":1,"minecraft:torch":1,"paraglider:goddess_statue":1,"minecraft:mutton":6,"farmersdelight:flint_knife":3,"expanded_combat:stone_spear":20,"minecraft:jungle_slab":1,"farmersdelight:beef_patty":17,"simplyswords:diamond_scythe":9,"minecraft:iron_axe":10,"minecraft:iron_helmet":1,"minecraft:mossy_cobblestone_slab":1,"minecraft:stone_brick_stairs":1,"minecraft:stone_bricks":8,"minecraft:rabbit_stew":1,"artifacts:everlasting_beef":2,"minecraft:bow":24,"ars_nouveau:archwood_door":4,"minecraft:furnace":1,"tombstone:gift":4,"farmersdelight:cooked_mutton_chops":11,"minecraft:cooked_beef":16,"minecraft:iron_leggings":1,"minecraft:calcite":2,"valhelsia_structures:green_metal_framed_glass_pane":1,"minecraft:mossy_stone_bricks":1,"minecraft:dark_oak_sign":4,"artifacts:eternal_steak":6,"minecraft:diamond_axe":6,"legendary_additions:glowing_bulb":1,"minecraft:cracked_stone_bricks":2,"minecraft:stripped_mangrove_wood":1,"minecraft:mossy_cobblestone":2,"minecraft:crafting_table":9,"minecraft:cake":1,"minecraft:chicken":5,"minecraft:cyan_bed":1,"minecraft:iron_pickaxe":89,"minecraft:gravel":1,"farmersdelight:ham":3,"minecraft:stone_axe":22,"minecraft:cobblestone":3,"minecraft:mud_brick_wall":2,"minecraft:porkchop":3,"minecraft:cooked_rabbit":1},"minecraft:killed_by":{"minecraft:bee":1},"minecraft:crafted":{"artifacts:eternal_steak":1,"minecraft:oak_planks":12,"ars_nouveau:archwood_planks":196,"ars_nouveau:archwood_door":3,"minecraft:chest":3,"sophisticatedbackpacks:iron_backpack":1,"minecraft:cooked_beef":10,"farmersdelight:cooked_mutton_chops":11,"sophisticatedbackpacks:backpack":2,"minecraft:crafting_table":13,"expanded_combat:stone_spear":1,"minecraft:copper_ingot":9,"sophisticatedbackpacks:gold_backpack":1,"minecraft:air":0,"farmersdelight:beef_patty":17,"minecraft:shield":1,"minecraft:stick":20,"minecraft:iron_ingot":1,"minecraft:stone_sword":7,"minecraft:gold_ingot":18}},"DataVersion":3465}