{"stats":{"minecraft:picked_up":{"minecraft:wheat":79,"minecraft:stone_slab":1,"artifacts:umbrella":1,"minecraft:stone_brick_stairs":2,"minecraft:polished_deepslate":1,"paraglider:goddess_statue":2,"minecraft:string":3,"minecraft:cooked_salmon":1,"minecraft:smooth_stone_slab":1,"minecraft:red_nether_bricks":2,"minecraft:shroomlight":1,"minecraft:gold_nugget":28,"minecraft:cobblestone_slab":1,"irons_spellbooks:inscription_table":1,"minecraft:stick":5,"apotheosis:gem":7,"minecraft:jukebox":1,"minecraft:birch_trapdoor":1,"minecraft:torch":7,"minecraft:acacia_log":22,"minecraft:porkchop":6,"minecraft:lightning_rod":1,"tombstone:grave_dust":5,"minecraft:diorite":1,"minecraft:orange_bed":1,"minecraft:stone_sword":4,"minecraft:honey_bottle":2,"minecraft:rotten_flesh":50,"minecraft:carved_pumpkin":1,"minecraft:end_rod":1,"minecraft:obsidian":7,"minecraft:cobblestone":67,"minecraft:pink_petals":3,"minecraft:mossy_cobblestone_slab":3,"luminousworld:savannah_ground":2,"relics:roller_skates":1,"minecraft:feather":8,"ars_nouveau:archwood_door":2,"minecraft:smoker":1,"paraglider:spirit_orb":4,"minecraft:lapis_lazuli":5,"minecraft:dirt":5,"minecraft:lantern":4,"minecraft:name_tag":1,"minecraft:bone":9,"minecraft:acacia_planks":1,"minecraft:wheat_seeds":5,"minecraft:mossy_stone_bricks":5,"minecraft:oak_planks":1,"relics:ice_breaker":1,"valhelsia_structures:green_metal_framed_glass_pane":1,"farmersdelight:ham":2,"minecraft:mossy_cobblestone":17,"minecraft:polished_andesite":3,"waystones:waystone":2,"minecraft:golden_apple":1,"minecraft:bread":62,"minecraft:emerald":1,"minecraft:oak_sapling":4,"iceandfire:silver_nugget":20,"minecraft:crafting_table":2,"minecraft:charcoal":2,"minecraft:chicken":5,"minecraft:stone_brick_wall":1,"ars_nouveau:blue_archwood_sapling":9,"minecraft:gold_block":2,"ars_nouveau:archwood_planks":64,"minecraft:moss_carpet":2,"minecraft:item_frame":9,"minecraft:cracked_stone_bricks":8,"minecraft:beef":7,"minecraft:iron_nugget":10,"minecraft:sugar_cane":9,"minecraft:chest":1,"minecraft:egg":3,"minecraft:copper_ingot":2,"sophisticatedbackpacks:backpack":1,"minecraft:tnt":1,"minecraft:arrow":40,"friendsandfoes:waxed_lightning_rod":1,"minecraft:decorated_pot":1,"minecraft:hay_block":28,"minecraft:mutton":6,"born_in_chaos_v1:corpse_maggot":2,"luminousworld:ishstone":2,"minecraft:leather":4,"alexsmobs:acacia_blossom":2,"minecraft:chainmail_chestplate":2,"minecraft:oak_log":6,"minecraft:waxed_copper_block":1,"minecraft:lily_pad":1,"iceandfire:ectoplasm":1,"tombstone:gift":1,"minecraft:stone_bricks":24,"minecraft:iron_ingot":2,"irons_spellbooks:electromancer_helmet":1,"relics:infinity_ham":1,"minecraft:acacia_sapling":1,"minecraft:iron_sword":4,"minecraft:book":165,"iceandfire:copper_nugget":8,"minecraft:pumpkin":16,"minecraft:stone_brick_slab":2,"minecraft:dripstone_block":2,"minecraft:gravel":1,"minecraft:blast_furnace":2,"minecraft:slime_ball":2,"magistuarmory:rusted_bastardsword":2,"magistuarmory:rustedcrusader_boots":1,"minecraft:painting":2},"minecraft:mined":{"iceandfire:copper_pile":4,"minecraft:jungle_slab":1,"minecraft:red_nether_bricks":4,"minecraft:carved_pumpkin":1,"minecraft:obsidian":7,"minecraft:grass_block":1,"minecraft:stone_brick_wall":1,"minecraft:mud_brick_wall":2,"luminousworld:savanna_grass_2":1,"minecraft:spawner":3,"minecraft:smooth_stone":1,"minecraft:mossy_cobblestone_slab":3,"valhelsia_structures:andesite":1,"iter_rpg:etherbloom":1,"minecraft:moss_carpet":1,"minecraft:pumpkin":17,"iceandfire:gold_pile":6,"minecraft:iron_bars":1,"minecraft:stripped_mangrove_wood":3,"minecraft:orange_bed":1,"valhelsia_structures:big_purple_glazed_jar":1,"minecraft:smoker":1,"minecraft:torch":1,"minecraft:blast_furnace":2,"minecraft:polished_andesite_stairs":3,"ars_nouveau:archwood_door":2,"minecraft:chest":2,"minecraft:cobblestone":24,"minecraft:sugar_cane":3,"minecraft:oak_planks":1,"minecraft:wall_torch":2,"minecraft:pink_petals":10,"minecraft:seagrass":1,"minecraft:stone_stairs":1,"valhelsia_structures:bone_pile":1,"minecraft:birch_trapdoor":1,"minecraft:jukebox":1,"minecraft:waxed_copper_block":1,"minecraft:tnt":2,"minecraft:stone_brick_stairs":4,"minecraft:smooth_stone_slab":3,"minecraft:grass":21,"minecraft:dirt":2,"luminousworld:grassvariant_3":2,"minecraft:netherrack":5,"minecraft:polished_deepslate_wall":1,"luminousworld:savannah_ground":2,"minecraft:dark_prismarine":6,"minecraft:mossy_cobblestone":19,"minecraft:decorated_pot":1,"minecraft:jungle_planks":1,"luminousworld:grassvariant_2":3,"friendsandfoes:waxed_lightning_rod":1,"minecraft:large_fern":1,"minecraft:hay_block":27,"minecraft:black_stained_glass_pane":4,"valhelsia_structures:green_metal_framed_glass_pane":2,"treechop:chopped_log":4,"minecraft:peony":1,"minecraft:gold_block":2,"minecraft:polished_deepslate":3,"minecraft:bookshelf":56,"minecraft:shroomlight":1,"minecraft:cobblestone_slab":1,"minecraft:vine":3,"luminousworld:groundpebbles_2":1,"irons_spellbooks:inscription_table":1,"minecraft:stone":53,"minecraft:white_tulip":1,"valhelsia_structures:stone":1,"minecraft:stone_brick_slab":1,"minecraft:crafting_table":2,"luminousworld:savannah_grass_1":1,"minecraft:campfire":1,"minecraft:stone_slab":1,"minecraft:lightning_rod":1,"minecraft:tall_grass":3,"minecraft:lily_pad":1,"minecraft:diorite":1,"iceandfire:silver_pile":6,"luminousworld:ishstone":2,"minecraft:end_rod":1,"minecraft:gravel":1,"minecraft:dripstone_block":2,"minecraft:cobweb":3,"minecraft:cracked_stone_bricks":10,"minecraft:acacia_planks":1,"minecraft:stone_bricks":42,"minecraft:polished_andesite":4,"minecraft:mossy_stone_bricks":6,"paraglider:goddess_statue":2},"minecraft:custom":{"enigmaticlegacy:play_time_with_seven_curses":155073,"minecraft:interact_with_crafting_table":43,"minecraft:open_barrel":37,"minecraft:bell_ring":1,"minecraft:eat_cake_slice":2,"minecraft:leave_game":3,"minecraft:time_since_death":658,"minecraft:damage_resisted":0,"minecraft:sprint_one_cm":575989,"minecraft:damage_blocked_by_shield":659,"minecraft:drop":103,"minecraft:talked_to_villager":1,"minecraft:play_time":158764,"minecraft:deaths":22,"minecraft:jump":2463,"minecraft:walk_on_water_one_cm":36626,"minecraft:interact_with_cartography_table":1,"minecraft:sleep_in_bed":1,"minecraft:damage_dealt":8388,"minecraft:crouch_one_cm":19413,"tombstone:undead_killed":21,"minecraft:interact_with_smoker":4,"minecraft:horse_one_cm":424052,"minecraft:mob_kills":55,"minecraft:damage_dealt_resisted":0,"minecraft:climb_one_cm":8228,"minecraft:walk_one_cm":383612,"minecraft:sneak_time":7699,"minecraft:walk_under_water_one_cm":44702,"minecraft:interact_with_blast_furnace":2,"minecraft:total_world_time":158764,"tombstone:raider_killed":2,"enigmaticlegacy:play_time_without_seven_curses":3123,"minecraft:time_since_rest":362,"minecraft:damage_taken":9428,"minecraft:damage_absorbed":81,"minecraft:trigger_trapped_chest":6,"minecraft:swim_one_cm":120705,"minecraft:fly_one_cm":684530,"minecraft:open_chest":89,"minecraft:fall_one_cm":80742},"minecraft:broken":{"minecraft:iron_boots":1,"minecraft:iron_leggings":1,"minecraft:iron_sword":1,"minecraft:chainmail_helmet":1},"minecraft:killed":{"minecraft:skeleton":4,"minecraft:bee":2,"minecraft:chicken":3,"luminousworld:charaxes":1,"minecraft:pig":3,"minecraft:pillager":2,"minecraft:zombie":11,"enemyexpansion:botfly":3,"minecraft:cow":3,"alexsmobs:tiger":2,"born_in_chaos_v1:maggot":9,"born_in_chaos_v1:baby_spider":1,"minecraft:drowned":5,"minecraft:frog":1,"iceandfire:ghost":1},"minecraft:dropped":{"minecraft:porkchop":6,"minecraft:cracked_stone_bricks":6,"minecraft:item_frame":11,"minecraft:gold_block":2,"minecraft:dirt":6,"minecraft:mutton":12,"ars_nouveau:archwood_door":2,"minecraft:chain":13,"minecraft:gold_nugget":1,"farmersdelight:mutton_chops":11,"minecraft:gold_ingot":11,"minecraft:gravel":1,"minecraft:stone_axe":1,"alexsmobs:animal_dictionary":1,"minecraft:wheat":144,"minecraft:beetroot":3,"minecraft:rotten_flesh":35,"paraglider:goddess_statue":2,"minecraft:honey_bottle":1,"irons_spellbooks:inscription_table":1,"minecraft:waxed_copper_block":1,"minecraft:carrot":6,"patchouli:guide_book":3,"minecraft:chainmail_chestplate":2,"minecraft:birch_trapdoor":1,"born_in_chaos_v1:corpse_maggot":1,"minecraft:stone_brick_wall":1,"apotheosis:gem":3,"minecraft:acacia_sapling":1,"minecraft:arrow":54,"minecraft:beef":10,"friendsandfoes:waxed_lightning_rod":1,"minecraft:egg":3,"minecraft:bread":64,"minecraft:wheat_seeds":5,"luminousworld:ishstone":2,"minecraft:mossy_cobblestone":9,"minecraft:golden_horse_armor":1,"minecraft:dripstone_block":2,"minecraft:cobblestone":28,"ars_nouveau:worn_notebook":1,"minecraft:mossy_cobblestone_slab":1,"minecraft:diorite":1,"iceandfire:copper_nugget":8,"minecraft:cooked_salmon":1,"minecraft:iron_leggings":1,"minecraft:string":5,"minecraft:pink_petals":3,"minecraft:stone_brick_slab":2,"minecraft:polished_deepslate":1,"minecraft:moss_carpet":1,"minecraft:sweet_berries":18,"alexsmobs:acacia_blossom":2,"minecraft:stone_sword":4,"ars_nouveau:archwood_planks":58,"minecraft:chicken":5,"minecraft:lightning_rod":1,"minecraft:shroomlight":1,"minecraft:spruce_trapdoor":1,"minecraft:mossy_stone_bricks":4,"minecraft:oak_sapling":4,"farmersdelight:minced_beef":17,"minecraft:carved_pumpkin":1,"minecraft:stone_bricks":9,"minecraft:wooden_pickaxe":1,"farmersdelight:ham":3},"minecraft:used":{"minecraft:decorated_pot":1,"minecraft:shield":11,"minecraft:iron_sword":366,"luminousworld:savannah_ground":2,"born_in_chaos_v1:corpse_maggot":1,"minecraft:mossy_cobblestone_slab":2,"minecraft:stone_brick_stairs":2,"minecraft:stone_bricks":10,"ars_nouveau:archwood_door":3,"minecraft:written_book":2,"minecraft:potato":7,"minecraft:stone_pickaxe":5,"minecraft:oak_planks":25,"minecraft:wooden_pickaxe":7,"minecraft:golden_apple":2,"minecraft:bread":72,"minecraft:smooth_stone_slab":1,"minecraft:torch":9,"minecraft:dirt":2,"minecraft:iron_axe":30,"tombstone:gift":6,"minecraft:acacia_planks":78,"farmersdelight:iron_knife":97,"minecraft:water_bucket":14,"minecraft:polished_andesite":3,"minecraft:red_nether_bricks":2,"minecraft:cobblestone_slab":1,"minecraft:mossy_cobblestone":8,"minecraft:tnt":1,"minecraft:crafting_table":3,"minecraft:painting":1,"minecraft:smoker":1,"minecraft:diamond_pickaxe":29,"minecraft:iron_pickaxe":222,"minecraft:stone_axe":85,"irons_spellbooks:electromancer_helmet":1,"minecraft:cobblestone":48,"minecraft:bucket":15,"minecraft:pumpkin_pie":4},"minecraft:killed_by":{"alexsmobs:grizzly_bear":1,"iceandfire:ghost":1},"minecraft:crafted":{"minecraft:oak_planks":24,"ars_nouveau:archwood_door":3,"minecraft:crafting_table":1,"minecraft:wooden_pickaxe":1,"minecraft:shield":1,"sophisticatedbackpacks:diamond_backpack":1,"minecraft:stick":8,"minecraft:iron_ingot":2,"minecraft:gold_ingot":21,"minecraft:iron_axe":1,"minecraft:stone_pickaxe":1,"minecraft:wheat":240,"sophisticatedbackpacks:iron_backpack":1,"minecraft:iron_sword":1,"sophisticatedbackpacks:gold_backpack":1,"minecraft:stone_axe":1,"minecraft:bread":83,"minecraft:iron_leggings":1,"minecraft:acacia_planks":88,"minecraft:torch":8}},"DataVersion":3465}